mutation_name,label,MSA_Transformer_Embeddings,ProteinNPT,MULTI_evolve,ESM_1v_Embeddings,Kermut,Tranception_Embeddings
"A86T,Q176L,F222L",8552.048,0.27818668,8765.816803181042,0.580043394,0.5885505,0.4273077845573425,0.2901398
"C47S,Q100K,M152T",8273.489,-0.3254137,7054.466633716424,0.479472542,-0.43837166,-0.3669215738773346,-0.22619893
"E141V,N163D,K165R",13738.804,-0.43593103,6882.630354055863,0.4974993640000001,-0.18320876,-0.5192363262176514,-0.30031884
"E31D,A86T,H230N",9400.258,-0.029066801,9484.204681066722,0.531033928,0.22759414,-0.1170783638954162,0.069631845
"E31D,M127V,F222L",7587.994,-0.48809907,6999.218925622613,0.455198544,-0.41954356,-0.455293595790863,-0.4772082
"E4G,E31D,C47S,N80S",6679.2627,-0.10430062,7298.664571536547,0.50881584,0.30585718,-0.3089703023433685,0.056708574
"E4G,I92V,H168L,D215E",13707.056,1.8774048,13486.880027210733,0.83597564,2.9497557,2.014716148376465,2.4834309
"E4G,K51M,F222L",7848.0425,-0.047548175,8778.976486198928,0.5325930320000001,0.22167099,0.1639689207077026,0.0028755665
"E4G,T8S,D132G",9472.746,0.3105229,8576.31973131274,0.576547728,0.9835787,0.1504026055335998,0.46549356
"E4G,V11L,I196T",10137.001,0.36829242,9521.634125040271,0.578677176,1.0179461,0.4276719987392425,0.34506345
"E4G,V11L,K112R",8550.951,0.30733657,9087.21605252545,0.5392769279999999,0.90472144,0.0433884263038635,0.20472372
"E4G,V11L,K51E",9844.763,0.33462048,9367.882111033276,0.5684757119999999,0.7931514,0.3272348344326019,0.4595759
"E4G,V11L,K51E,M127V",8794.021,0.11495602,8607.717970825463,0.5608921280000001,0.87515277,0.1114433854818344,0.44032347
"E4G,V11L,N163D,D179G",8847.894,0.05146718,8969.44874300433,0.588811346,0.5789588,-0.0532944202423095,0.3498503
"E4G,V11L,Q100L,K155M,Q203R",7588.9116,0.37578607,9761.027401279414,0.579420366,0.7944423,0.2917733490467071,0.21494591
"F129L,H168L,F222L",11133.113,1.4740419,13640.491576485016,0.743344506,0.9568995,1.6849987506866455,2.0714154
"F144L,D215E,H230L",603.5642,-3.263746,1096.1726102657112,0.1066632347999999,-2.5346408,-3.375469207763672,-3.5597875
"F144L,K155M,H230L",510.2946,-3.273975,865.1911526909225,0.0767468695999999,-2.760929,-3.365077257156372,-3.4911783
"F98I,M152T,Q203R",10955.161,0.5665004,10822.977176303702,0.63242862,0.8785832,0.8163119554519653,0.7993432
"H24R,F98L,Q100K",8424.168,0.47956833,9768.546813944544,0.5591237020000001,-0.15674698,0.1454906165599823,0.5159371
"I92V,D116G,Y181C",11532.023,0.28856814,9152.019378768284,0.595539814,0.5062262,0.5512861013412476,0.52872884
"I92V,Q176L,H230L",10758.544,0.70711863,11334.336761009876,0.6490219899999999,0.780846,0.597639262676239,0.8693067
"K112R,H228Y,H230N",7995.663,0.32342303,8666.025229692705,0.527352654,0.46836233,-0.0908227860927581,-0.13876356
"K130N,K165R,Q203R",9969.714,0.7112682,9792.291467116533,0.66217191,1.0830863,0.8694045543670654,0.8562904
"K25R,I92T,D132G",8601.216,-0.043334395,8130.752306181585,0.480076294,-0.32364744,-0.4043979048728943,-0.49769142
"K51E,D215E,F219L",10440.914,0.72877383,9142.318000024916,0.6434765020000001,0.7840417,0.7928677797317505,0.76303244
"K51E,K78R,F219L",10696.508,0.69920105,9004.390482632742,0.651763454,0.41434258,0.8625252842903137,0.85481167
"K51M,N163S,H230N",9386.24,0.24410498,9563.118137548458,0.564667532,0.53469014,0.2804829180240631,0.31224966
"K78R,Q100K,M127V",8031.3306,-0.1492995,7781.942014679724,0.4868780539999999,0.06075573,-0.2940863370895386,0.1284985
"M152T,N158S,V175A",7086.782,-0.8002858,6599.342559698075,0.4590691739999999,-1.1034591,-0.6345574855804443,-0.8361464
"N163S,D179G,F219L",12006.885,0.9876761,10317.405506307496,0.64979879,0.3388995,0.5259369611740112,0.7126062
"N80D,Q100R,M152T",9056.97,-0.021809876,9173.562375208712,0.5820451299999999,0.22274768,0.404882550239563,0.2520094
"N80S,F144L,H230N",508.0877,-3.094625,1075.5589842278532,0.085102818,-2.5175364,-3.2610507011413574,-3.5107152
"N80S,M127V,V175A",6435.6436,-0.8364588,6359.268427583468,0.41167609,-0.23071069,-1.0137498378753662,-0.8579303
"Q100L,V175A,H230L",6171.6553,-1.0482279,6708.052168691773,0.384893574,-0.9544649,-1.1696666479110718,-1.1543827
"Q100L,V175A,H230N",5491.3174,-0.88678926,7007.580984513233,0.397552858,-0.6866322,-0.8896598219871521,-1.0185181
"Q176L,Q203R,F223L",7795.6733,0.34074014,10556.396439233302,0.579865472,0.7727692,0.561463475227356,0.3958475
"Q203R,F222L,F223L",7901.8696,-0.20549154,9944.858914167096,0.473910164,-0.17865014,0.1066512912511825,0.05755377
"T8A,V11L,E89V",8510.963,0.08475828,9048.171690638055,0.594258648,0.46718752,0.5079803466796875,0.30874825
"T8A,V11L,F222L",8256.196,-0.10988885,8371.006462049021,0.52936467,-0.25821823,0.0505249202251434,-0.13587087
"T8A,V11L,H228Y",8321.452,0.15086347,8434.649483667952,0.532906638,0.03530866,0.1788300424814224,0.06508705
"T8A,V11L,I196T",7950.695,0.37960917,9110.920577994191,0.599082432,0.5481219,0.3859108686447143,0.4068824
"T8A,V11L,K130N",9996.913,0.20100617,9105.174603664944,0.57734809,0.23661926,0.3626359105110168,0.25133502
"T8A,V11L,K155M",9356.74,0.20256734,9020.834808314814,0.565005674,0.32187438,0.4375589489936828,0.2644596
"T8A,V11L,K51E",8180.1694,0.34514654,8974.169594909265,0.5876843199999999,0.44168505,0.5170322060585022,0.4764729
"T8A,V11L,L193P,H230N",6868.4297,-0.4353425,7029.244968289227,0.4950502139999999,-0.29312724,-0.2844197750091553,-0.41237098
"T8A,V11L,N163D",7695.5244,0.08660436,8569.230620733815,0.557127292,0.18408895,0.1381602883338928,0.15943015
"T8A,V11L,Q100R",8972.417,0.2552477,9630.342952094668,0.600062882,0.45715934,0.6752358675003052,0.2907821
"T8S,D215E,H230N",8884.036,0.34844816,8594.484625571102,0.591278792,1.269883,0.2566967010498047,0.2896202
"T8S,H24R,N163S",9978.012,0.2582001,8598.20054330278,0.5671528379999999,0.58903646,0.2322744727134704,0.1813626
"T8S,K51M,Q100K",7896.577,0.022566825,8161.130648046234,0.527222096,0.6642035,-0.1620984375476837,0.31593275
"T8S,M127T,N158S",9764.431,0.48224342,8285.89945984465,0.608069298,0.76740646,0.5545839071273804,0.4347837
"T8S,Q100K,N145S",4033.1553,-1.8058765,4703.3987886396935,0.2689663519999999,-1.0119888,-2.056736946105957,-1.6094034
"T8S,V11L,A86T,F164L",8902.789,-2.7649431,4684.8355496212425,0.2018904759999999,-1.7116945,-2.8253397941589355,-2.3204396
"T8S,V11L,D215E",9300.967,0.12002021,8764.751481968091,0.5518699139999999,0.94342065,0.1338022947311401,-0.054566547
"T8S,V11L,K130N",9330.284,0.11530131,8928.78121729773,0.56300819,0.7226752,0.1639972776174545,0.07391566
"T8S,V11L,K51M,H230N",8293.495,0.15684009,9154.645344199012,0.59974956,1.0528152,0.4653191566467285,0.37620473
"T8S,V11L,K78R",8640.06,0.07682663,8610.372103842394,0.558039478,0.58891845,0.1719618141651153,0.08066833
"T8S,V11L,M127T",7978.9434,0.24225295,8624.834035681597,0.55813878,0.911545,0.3184435367584228,0.0567047
"V11L,A86T,F98L",8850.19,0.46139205,9329.008780596743,0.581195586,0.21069661,0.2862818241119385,0.3172638
"V11L,A86T,H168L",14942.079,1.8037602,14155.116824055964,0.773032776,2.2535486,1.877879858016968,2.4079547
"V11L,A86T,I92T",7742.892,-0.27959257,8042.785378753194,0.4715620060000001,0.023723897,-0.2071812748908996,-0.3434918
"V11L,A86T,V175A,H230N",6959.8784,-0.7970231,7365.555213659438,0.4532149,-0.13409859,-0.6824861764907837,-0.785502
"V11L,C47S,D116G",8246.051,-0.07172692,8874.808887747418,0.5071191740000001,0.07541001,-0.0575595498085022,0.038403094
"V11L,C47S,F70L",6714.723,-0.73102623,6805.036242431991,0.431994902,-0.3371687,-0.5899350643157959,-0.6171872
"V11L,C47S,H230N",7096.186,0.07019591,8547.230918427245,0.535889176,0.24910557,-0.037424087524414,0.19535078
"V11L,C47S,I196T",7667.363,0.12341182,8457.47287017195,0.53931949,0.27031398,0.0399460792541503,0.20815425
"V11L,C47S,I92T,Q203R",7833.624,0.094044566,9168.844153463247,0.5218426620000001,-0.081737995,0.0675538331270217,0.0043001175
"V11L,C47S,K51M",7491.3726,-0.045215607,8834.159879785188,0.520932888,0.3053357,-0.0037711560726165,-0.3080436
"V11L,C47S,M127V",8322.011,-0.10822415,8476.167101794756,0.496289642,0.18859577,-0.2092697620391845,0.040032625
"V11L,C47S,N145S,Y181C",4269.489,-1.8572814,4522.306764552249,0.328534096,-0.9878013,-1.6727001667022705,-1.4414572
"V11L,C47S,Q100K",7424.314,-0.20858756,7605.376992635822,0.467523322,-0.2330172,-0.3319324254989624,-0.13610618
"V11L,C47S,T62S",9289.881,0.6221253,9882.769521526412,0.612765016,0.52784944,0.5629570484161377,0.6014335
"V11L,C47S,T62S,D189G",9544.996,0.9533576,10221.356063288784,0.6886794999999999,0.77621424,0.9303686618804932,0.9323108
"V11L,D116G,D179G",10480.147,0.45545328,9090.9290202134,0.5678871799999999,-0.0027720928,0.1607708930969238,0.27421176
"V11L,D116G,D189G",8358.614,0.5363097,8938.35489113608,0.590738954,0.43759263,0.4394757449626922,0.35291165
"V11L,D116G,F144L",452.95764,-3.4664438,451.0755299146422,0.0619869004,-3.045218,-3.4349594116210938,-3.1841974
"V11L,D116G,F164L",3097.0244,-2.700176,3991.433102636958,0.1285715662,-2.2657511,-2.9268946647644043,-2.172844
"V11L,D116G,F219L",11680.683,0.5790999,9746.29111537346,0.607823192,0.15080974,0.6436460018157959,0.610845
"V11L,D116G,H168L",15447.341,1.7703738,13846.444152213133,0.768115492,2.0123553,1.6023461818695068,2.6453686
"V11L,D116G,H230N",8494.985,0.22846818,9098.990316814492,0.553683132,0.14215463,0.25816810131073,0.28253943
"V11L,D116G,I196T",10023.132,0.23636392,9015.859968307665,0.557747368,0.32773125,0.3393460512161255,0.25897896
"V11L,D116G,K130N,Q203L",7292.9014,-0.55331886,7952.07889143918,0.482989962,-0.1808855,-0.3543645441532135,-0.34654772
"V11L,D116G,K130N,V175A",5580.8423,-0.98916787,6999.8358046461335,0.4316002479999999,-1.1892372,-0.6987391710281372,-0.87224615
"V11L,D132G,D179G",9233.083,0.47068906,9261.976749631058,0.56607864,0.17987657,-0.0366351008415222,0.22464502
"V11L,D132G,H228Y",9109.616,0.004288286,7884.318697270285,0.495023896,-0.23535004,-0.4336622953414917,-0.14085135
"V11L,D132G,H230L",7310.847,0.08697605,8412.185713714432,0.5358168680000001,0.09208816,-0.1173811852931976,0.0785844
"V11L,D132G,H230N",9256.494,0.23680401,8662.144198368967,0.5521164800000001,0.35964018,0.0252505242824554,0.22611329
"V11L,D132G,M152T,N158S",8978.862,-0.033242226,7624.403281891564,0.5739996680000001,-0.41530192,-0.1581862270832061,-0.060616136
"V11L,D132G,N163S",8308.699,0.0151798725,8225.752759855937,0.51106498,-0.11665997,0.0358051657676696,-0.02451092
"V11L,D179G,D189G",7987.542,0.88452756,9570.34979655062,0.6361097819999999,0.6317769,0.6166819930076599,0.8620541
"V11L,D179G,H230L",9073.211,0.4908588,9340.336735258088,0.5814605079999999,-0.24135232,0.2630894184112549,0.28108054
"V11L,D189G,H230N",8804.537,0.65077615,9946.014478283982,0.6216245600000001,0.76268166,0.9067798256874084,0.6377249
"V11L,D189G,I196T,H230N",10310.462,0.7342328,10325.810216432745,0.6661829599999999,1.2694591,0.9215022325515748,0.6681725
"V11L,D215E,H230N",8654.239,0.23017335,8583.875255356523,0.55687897,0.64406633,0.0726473927497863,0.11743326
"V11L,E141V,H230N",8175.4624,-0.27474374,7622.651169172996,0.4870746159999999,-0.1798203,-0.4426813125610351,-0.36322764
"V11L,E141V,Q176L",7784.0464,0.085166335,7841.85043643764,0.5321339820000001,0.2388432,-0.1854351758956909,-0.049727738
"V11L,E141V,Q203R",8857.3125,0.13017797,9343.980145890897,0.53061848,-0.064848885,0.2450647056102752,0.0019381642
"V11L,E31D,F129L",7682.4766,-0.23280346,7927.855300445,0.488906202,-0.55398285,-0.2182664275169372,-0.17005616
"V11L,E31D,F219L",10856.763,0.36849663,8878.989312966905,0.5670279819999999,0.17884028,0.3745909631252289,0.29382968
"V11L,E31D,F70L",7445.036,-0.84004694,6558.818910822958,0.410193378,-0.2771393,-0.8981120586395264,-0.740237
"V11L,E31D,F98L",7932.27,0.2107513,8273.446010186834,0.535539454,-0.08199319,0.1306093037128448,0.049834862
"V11L,E31D,N163D",7590.876,-0.31493253,7676.045041353649,0.483729732,-0.11255869,-0.305303692817688,-0.25969073
"V11L,E89V,F219L",10166.154,0.45262,10152.7984687458,0.63806316,0.5555085,0.6580288410186768,0.6433902
"V11L,E89V,H228Y",7506.382,-0.11171967,8221.958008425587,0.524471402,0.024965703,-0.0274977087974548,-0.016994894
"V11L,E89V,M127T",8903.961,0.007220149,9154.332923905353,0.56324556,0.62363815,0.2978836297988891,0.110388815
"V11L,E89V,M152T",8164.714,-0.18370283,9004.258477061565,0.557992694,0.30674446,0.1650224775075912,0.08713567
"V11L,F129L,F219L",10433.323,0.51951194,9964.32209423622,0.611515502,-0.15150893,0.4965785443782806,0.6018208
"V11L,F129L,H230N",8246.51,0.18164754,9086.80944408865,0.558048786,-0.05865191,0.3258388340473175,0.28814232
"V11L,F129L,N145S",4073.6643,-1.774397,4344.942458371396,0.265107726,-1.8073118,-1.859955787658692,-1.5022864
"V11L,F129L,N145S,F219L",4464.9097,-1.4186872,5312.969096594021,0.382900776,-1.7530212,-1.4376604557037354,-1.0878913
"V11L,F129L,N158S",8509.35,0.19171894,9152.478234967502,0.5687283320000001,-0.5417817,0.1857375055551529,0.2544332
"V11L,F129L,Q203R",14126.207,0.5625762,10191.64521324608,0.6054158340000001,0.16895568,0.5725937485694885,0.654829
"V11L,F144L,H228Y",586.49664,-3.492279,616.0266207690111,0.0526321515999999,-3.090748,-3.6170670986175537,-3.5742118
"V11L,F144L,H230N",449.0,-3.2478333,1056.709413254258,0.0992348708,-2.6195116,-3.2058229446411133,-3.227709
"V11L,F164L,F223L",1127.338,-3.484532,3941.216107667662,0.0601166104,-3.1630087,-3.432743549346924,-3.1545906
"V11L,F164L,H228Y",3734.4504,-2.7283275,4082.768446862885,0.119735948,-2.463705,-3.162970304489136,-2.4982402
"V11L,F164L,H230L",4214.4844,-2.6296353,4638.454606694497,0.166750912,-2.1674695,-2.963178873062134,-2.2911272
"V11L,F164L,H230N",3685.068,-2.5140648,4147.543445577386,0.170256782,-2.1912177,-2.694356918334961,-2.1454105
"V11L,F164L,L193P",637.0916,-3.4066358,3374.6038388903044,0.0510883766,-3.2244945,-3.784805059432984,-3.0982366
"V11L,F164L,Q203R",3257.655,-2.3540506,4689.453540965329,0.193601898,-1.8140174,-2.0714340209960938,-1.7743909
"V11L,F219L,F223L",5165.6553,-0.1775856,8757.39290000021,0.504710776,-0.10650504,-0.0373197197914123,-0.3962342
"V11L,F223L,H230L",7479.1733,-0.63432753,7406.402585405391,0.444897814,-0.52553344,-0.6395267248153687,-0.5500762
"V11L,F223L,H230N",7302.6973,-0.52451617,7046.464977758422,0.4579349279999999,-0.22708571,-0.6731862425804138,-0.59397304
"V11L,F70L,E89V",7235.7183,-0.6848248,7521.405810580974,0.472828702,0.08370465,-0.5315232872962952,-0.40147746
"V11L,F70L,F223L",6308.919,-1.3304074,6197.328087381575,0.359400152,-0.59495693,-1.104641318321228,-1.3245822
"V11L,F70L,F98L,K165R,L193P",5316.374,-0.99983627,5987.476762296004,0.4444623659999999,-0.35756794,-1.353773593902588,-1.04974
"V11L,F70L,H230N",7064.293,-0.42314357,8139.104057690502,0.4712393099999999,0.122150555,-0.2196632027626037,-0.36060366
"V11L,F70L,N163D",6669.299,-0.7114121,7250.115524182816,0.44335101,-0.26708487,-0.6517865657806396,-0.61070514
"V11L,F70L,N80S",7076.3457,-0.5842437,7145.82827953704,0.447588552,0.025160372,-0.6335519552230835,-0.6484171
"V11L,F70L,Q203R",7583.072,-0.09390843,9707.811029320212,0.51064033,0.39919773,-0.0150669813156127,0.028711557
"V11L,F98I,D189G",10360.748,0.6542389,9816.630251986906,0.609289746,0.83270454,0.4816533923149109,0.57915014
"V11L,F98I,F223L",7296.8853,-0.49843094,7871.299123558157,0.4462025599999999,-0.19866341,-0.6398286819458008,-0.5924622
"V11L,F98I,K165R",9292.506,0.41798902,9800.123513331491,0.5782063479999999,0.94600195,0.5832353830337524,0.30349275
"V11L,F98I,N145S",4434.382,-1.6042953,5319.248495697697,0.296103222,-1.2262224,-1.763566255569458,-1.4872675
"V11L,F98L,F144L",554.7261,-3.0579834,1461.5543636715347,0.1226831859999999,-2.9575908,-3.149005651473999,-3.2131193
"V11L,F98L,H230L",8748.976,0.447419,9117.941966409631,0.588034332,0.12519157,0.3762681484222412,0.36440343
"V11L,F98L,K130N",9178.996,0.42068774,9133.491469189184,0.588972308,0.16772549,0.446120411157608,0.39584062
"V11L,F98L,N163D",8636.814,0.35118526,8535.03602410802,0.56833719,0.025850415,0.2997108101844787,0.24000826
"V11L,F98L,V175A",7327.5347,-0.45183527,7149.6990212504215,0.45575568,-0.5790988,-0.4816232025623321,-0.64785004
"V11L,H168L,D215E",13784.583,1.787287,13332.323895260191,0.769452166,2.3646646,2.255028486251831,2.3301182
"V11L,H168L,H230N",14265.246,1.9772023,14911.616654526002,0.8013952099999999,2.2651765,2.663930654525757,2.7054915
"V11L,H168L,Y181C",16190.348,1.8681773,14100.5636202327,0.8096856220000002,2.0066197,2.0820040702819824,2.092638
"V11L,H24R,F129L",9055.443,0.14449203,9333.77384761491,0.549851232,-0.5546498,0.2359428405761718,0.0781728
"V11L,H24R,F144L",449.0,-3.3234682,428.629606837113,0.0984691692,-2.8261962,-3.377972364425659,-3.0555134
"V11L,H24R,F222L",8395.035,-0.13122553,8367.229144310826,0.512999926,-0.3956998,0.1145250499248504,-0.19433217
"V11L,H24R,H228Y",8272.6,0.13027468,8411.736756155919,0.516596112,-0.31310797,0.186104342341423,-0.06643057
"V11L,H24R,M127V",9869.444,0.091333576,8465.812092880695,0.5327900919999999,0.16423726,0.0944509655237197,0.18834876
"V11L,H24R,Q176L",11015.655,0.70979464,10095.088931389191,0.623795718,0.890552,0.4703637957572937,0.62809885
"V11L,H24R,T62S",10246.338,0.9062822,10442.208136980702,0.6540343500000001,0.6353883,0.96430504322052,0.7076432
"V11L,I196T,D215E",9731.259,0.22777957,8928.29005278828,0.5606539399999999,0.5690204,0.1914275288581848,0.21588452
"V11L,I196T,Q203L",7686.8833,-0.14560324,8090.96264951174,0.491868502,-0.11747056,-0.1981234848499298,-0.04807198
"V11L,I92T,D189G,H230N",7532.3228,0.25899506,7824.63682465364,0.55815987,0.1363544,0.2363620400428772,0.11641732
"V11L,I92T,F129L,V175A",4864.2773,-1.259128,6150.0369671078415,0.360954238,-1.4537454,-1.3450305461883545,-1.3870863
"V11L,I92T,F164L",628.3818,-2.994014,3800.376897115439,0.0873187104,-2.8829305,-3.078258752822876,-2.6120348
"V11L,I92T,H230N",8337.917,-0.062821835,8228.24003768873,0.48931366,-0.19076103,-0.1653224825859069,-0.16728865
"V11L,I92T,K112R",6444.204,-0.10070878,8059.91628268471,0.460859174,-0.28420168,-0.3071668744087219,-0.34216246
"V11L,I92T,K130N",9187.139,-0.22300112,8192.873900504412,0.477305576,-0.52543586,-0.3320408463478088,-0.3534504
"V11L,I92T,N158S",7804.0024,-0.031051278,7981.589351764516,0.4995101079999999,-0.5934876,-0.161184549331665,-0.21561596
"V11L,I92V,D116G",9170.78,0.16156417,9146.860925196052,0.546805666,0.32199812,0.2449929118156433,0.22064859
"V11L,I92V,F98I,F222L",8478.004,-0.104650974,8627.125508804746,0.5374356499999999,-0.017355204,-0.2901299893856048,-0.16221651
"V11L,I92V,K112R,F144L,H230L",524.9561,-3.4253368,1170.0274881496407,0.1426636168,-2.4793532,-3.698307991027832,-3.4275825
"V11L,I92V,K130N",7906.953,0.13856578,9251.372302079808,0.5610893859999999,0.21223587,0.1673678159713745,0.22501488
"V11L,I92V,K165R,H230N",9706.501,0.41335297,9365.238303169392,0.621335638,0.9321536,0.3560692071914673,0.39372253
"V11L,I92V,N145S",3786.1252,-1.6619303,4766.773973833664,0.3073942819999999,-1.261928,-1.7860782146453855,-1.5815984
"V11L,K112R,D132G",8233.538,0.14473951,8518.754857169753,0.5178538739999999,0.43452275,-0.1339881420135498,0.030167818
"V11L,K112R,F164L",3027.944,-2.6576047,4011.520412439492,0.14449521,-2.2168093,-2.7765755653381348,-2.3280766
"V11L,K112R,H230N",9277.749,0.31923515,8696.999142734909,0.5478184639999999,0.5974272,0.1333349347114563,0.25557783
"V11L,K112R,I196T",8690.591,0.34640414,8851.847204615136,0.551599542,0.5367585,0.2081700563430786,0.26651365
"V11L,K130N,D179G",8179.906,0.4160335,9340.719459003494,0.582009274,0.79499406,0.17781762778759,0.3176335
"V11L,K155M,H228Y",7438.96,0.018500328,8229.935211009068,0.496410018,-0.0065932274,-0.1513888835906982,-0.19912034
"V11L,K155M,H230N",8063.1846,0.22049284,9173.510411787856,0.555607272,0.52371,0.3294801414012909,0.27182823
"V11L,K155M,N158S",9127.498,0.14803481,8954.586778127003,0.566680028,-0.09707272,0.2056630849838256,0.35022485
"V11L,K155M,N163D",8547.54,-0.11222482,8597.714283685313,0.520005674,0.094640136,-0.0166011452674865,-0.06650585
"V11L,K155M,Y181C",9459.977,0.168607,9256.868624515691,0.564434246,0.37092566,0.3575048148632049,0.28049052
"V11L,K165R,D179G",8581.166,0.62308526,9267.376324849723,0.604726858,0.82683694,0.2428966462612152,0.38348508
"V11L,K165R,F222L",8137.526,-0.094522655,7981.999692184345,0.52655564,0.07894859,0.1279057562351226,-0.19238505
"V11L,K165R,F223L",6819.4443,-0.5405794,7333.113831575773,0.465725348,-0.052999552,-0.5584505796432495,-0.5303284
"V11L,K25R,D189G",8193.526,0.60374063,9335.93285311184,0.59866358,0.67297167,0.5132585167884827,0.5025163
"V11L,K25R,E31D,F129L",6556.397,-0.18363857,8473.159905411832,0.50632673,-0.58780473,-0.2509196102619171,-0.17382479
"V11L,K25R,F223L",7317.3096,-0.5229539,7494.984010496702,0.44320654,-0.36045125,-0.5580067038536072,-0.58572406
"V11L,K25R,H230N",8540.494,0.36238003,9332.365148420498,0.56267971,0.51440495,0.3363448977470398,0.3003383
"V11L,K25R,L193P",6291.1772,-0.46195042,5898.586755522151,0.43670131,-0.25102806,-0.8317990303039551,-0.6200703
"V11L,K25R,M127T",9637.669,0.32365522,8771.128072572677,0.54277397,0.44776106,0.2651605308055877,0.11217773
"V11L,K25R,M127T,K165R",9015.931,0.39778474,8781.903462718052,0.5854799420000001,0.8160848,0.2073590457439422,0.13231394
"V11L,K25R,N158S",10192.16,0.39186442,9004.974058150556,0.57295616,0.058315754,0.3169436454772949,0.26696908
"V11L,K25R,T62S,N158S",10999.461,0.98934305,10436.811334092286,0.690305116,0.52594256,0.9133422374725342,0.87851477
"V11L,K51E,E141V",7388.7373,-0.3657871,7522.611703154724,0.48170122,-0.4250154,-0.4062533378601074,-0.3817855
"V11L,K51E,H230N",8998.351,0.3701284,9220.156005625477,0.57830971,0.61005574,0.2885152697563171,0.417067
"V11L,K51E,I196T",8002.4863,0.3659771,9149.490587067115,0.5822509159999999,0.41498092,0.4434431791305542,0.422462
"V11L,K51M,A86T",9258.57,0.039542317,9479.947234826035,0.544526638,0.124141455,0.1319302022457122,0.1075505
"V11L,K51M,E89V,H168L",13767.609,1.5265081,13971.151244120769,0.822493734,2.4219458,1.9653828144073489,3.1458066
"V11L,K51M,F164L",3560.139,-2.6461656,3973.7996605334247,0.163956868,-2.3503695,-2.7927632331848145,-2.224381
"V11L,K51M,H230N",9319.019,0.19673336,9227.876874288835,0.56764679,0.5479591,0.5124028921127319,0.34259093
"V11L,K51M,L193P",4952.1084,-0.5779099,5810.699905786778,0.439865096,-0.71554494,-0.5978809595108032,-0.65432835
"V11L,K51M,Q203L",7939.085,-0.39965844,7846.317086984184,0.4771077920000001,-0.31452727,-0.2232259809970855,-0.16528845
"V11L,K51M,T62S",10081.3955,0.7722461,10594.352199442175,0.645711064,0.7108985,0.7955735921859741,0.8132789
"V11L,K51M,T62S,M152T",10219.98,0.47133946,10545.121869700635,0.6566562319999999,0.579293,0.7823786735534668,0.6515366
"V11L,K78R,D189G",9882.215,0.44065773,9321.901236687352,0.60078505,0.36298048,0.4806110858917236,0.4729969
"V11L,K78R,E141V,N145S",3201.1184,-2.4628553,3277.1588474745267,0.208495832,-1.7395942,-2.218419075012207,-2.2392657
"V11L,K78R,F98L,H230N",9654.46,0.46418083,9423.158253283507,0.623724244,0.22028941,0.6336413621902466,0.46883944
"V11L,K78R,I92T",7869.5635,-0.27209032,7949.079905418923,0.469764136,-0.47159386,-0.2198674082756042,-0.3072192
"V11L,K78R,I92T,F129L,N163S",6641.5376,-0.52408004,7740.23308799426,0.47473189,-0.92160183,-0.405459463596344,-0.55016935
"V11L,K78R,M127T,N158S",9977.97,0.18439293,8542.77992443808,0.59098143,-0.02954233,0.310151994228363,0.2020294
"V11L,K78R,N163S",9315.354,-0.011226296,8514.563200458482,0.52102151,-0.19122702,0.0097529888153076,0.0576002
"V11L,K78R,Q100K",7954.1616,-0.10795966,7979.201344680323,0.489633256,-0.1817413,-0.1907960772514343,0.0005816072
"V11L,K78R,V175A,F222L",6110.2793,-1.3436391,6256.052297610013,0.394595978,-1.2376277,-1.0605864524841309,-1.2676564
"V11L,L193P,F223L",7081.6196,-1.3544803,5872.674993118653,0.336651898,-1.0971462,-1.5618503093719482,-1.4656378
"V11L,L193P,H230N",6315.0366,-0.46854514,6028.764579124894,0.4513960199999999,-0.34068018,-0.6386232376098633,-0.468661
"V11L,M127T,D132G",7827.1836,0.085499436,8789.786956984784,0.5323372,0.6226015,0.0118176639080047,-0.09144659
"V11L,M127T,K165R",8873.058,0.29801965,8976.247847401963,0.569529758,0.75214416,0.2965738773345947,0.23043431
"V11L,M127V,E141V",7329.725,-0.60579574,7164.757608319391,0.4510531239999999,-0.22405529,-0.639327883720398,-0.49807522
"V11L,M127V,E141V,D179G",6655.137,-0.27192903,6929.05409038802,0.497798276,-0.03896475,-0.6615308523178101,-0.44808936
"V11L,M127V,F164L",2688.009,-2.7873287,3999.9306502829168,0.144378448,-2.3119764,-2.6704859733581543,-2.3541088
"V11L,M127V,Q176L",8658.657,0.4640258,9875.584210199211,0.5860736820000001,1.0218083,0.4576475918292999,0.6843645
"V11L,M152T,H230N",10681.343,0.10046077,9151.332338463795,0.5577797720000001,0.09370947,0.1218721866607666,0.23010458
"V11L,N145S,K155M",4410.1724,-1.7057282,4040.41264311888,0.266313832,-1.2243589,-1.6587835550308228,-1.6368692
"V11L,N158S,D215E",7860.538,0.21545875,8638.164536894172,0.5669233699999999,0.12675245,0.1189377605915069,0.15578282
"V11L,N158S,Q203L",7627.4053,-0.22108686,7729.573975777293,0.4997191899999998,-0.7131037,-0.245107352733612,-0.121905565
"V11L,N163D,D215E",8462.725,-0.10005736,8532.369673289502,0.5224742,0.24323745,-0.007331758737564,-0.06189795
"V11L,N163D,H230N",7944.445,0.07497388,8604.566133443102,0.5479444680000001,0.30827466,-0.023111879825592,0.1771293
"V11L,N163D,K165R",15373.131,0.113708556,8708.009896610045,0.554374486,0.551888,-0.0216899514198303,0.23724188
"V11L,N163D,Y181C",7961.1387,0.03849733,9015.607259742485,0.5559966700000001,0.24308383,0.0926033854484558,0.22436124
"V11L,N163S,H230L",8299.222,0.04540372,8669.074242056911,0.5257536459999999,0.04093933,-0.0332834869623184,0.04096046
"V11L,N163S,L193P",5808.505,-0.70793295,5523.366783995192,0.4141274679999999,-0.6697023,-1.0794212818145752,-0.8393619
"V11L,N163S,Q203L",7953.1597,-0.40374428,7448.147978896462,0.453773956,-0.698455,-0.4517357349395752,-0.21921003
"V11L,N80D,F222L",7766.1753,-0.26312828,7720.766495826363,0.5011300679999999,-0.4030633,-0.1903857290744781,-0.27339858
"V11L,N80D,F98I",9797.96,0.2369048,9714.0506206049,0.55143124,0.4183037,0.1268233507871627,0.19520073
"V11L,N80D,H168L",12939.89,1.7188128,14244.23003895771,0.776614386,2.0912824,2.0448031425476074,2.5753865
"V11L,N80D,H230N",8398.621,0.19751048,9027.614435315298,0.563218144,0.38548514,0.1979770958423614,0.29033375
"V11L,N80D,K130N,Y181C",9872.121,-0.0060534477,9578.030146541085,0.593025186,0.45732844,0.2301673889160156,0.35059607
"V11L,N80D,L193P",2978.7095,-0.61626947,5704.614911601379,0.43574601,-0.41752467,-0.7987625598907471,-0.6280026
"V11L,N80D,Y181C",9668.732,0.13225484,9558.218861311992,0.571893964,0.3623457,0.2318711876869201,0.3420682
"V11L,N80S,A86T",8742.241,0.09713715,8990.942726067631,0.534762338,0.65596324,0.0681458115577697,-0.024249613
"V11L,N80S,D189G",7126.618,0.49845517,8752.674145114313,0.5943304859999999,0.63424206,0.3150091767311096,0.32460463
"V11L,N80S,E89V",6757.121,-0.061813116,8424.352671474977,0.5573062799999999,0.65837884,0.2365663051605224,-0.06269312
"V11L,N80S,I196T",7902.8335,0.29199442,8572.978713490616,0.561659596,0.6039921,0.3183473646640777,0.16774666
"V11L,N80S,Q203L",6272.7007,-0.3931769,7088.513976954661,0.466490744,-0.26812387,-0.3552576601505279,-0.38458765
"V11L,Q100K,E141V",6415.43,-0.637877,6801.73162477292,0.42160884,-0.7125,-0.7282084226608276,-0.63452005
"V11L,Q100K,M127T",8428.803,-0.006095648,8287.19682154533,0.4926353579999999,0.17569709,-0.1388817131519317,-0.0142226815
"V11L,Q100L,D189G",8106.155,0.22785866,7877.604966427302,0.5332033519999999,0.0846141,0.0400054454803466,0.06519979
"V11L,Q100L,F222L",7175.175,-0.47585803,7179.35399817576,0.446033006,-0.70443785,-0.6487170457839966,-0.72856927
"V11L,Q100L,K155M",8325.869,-0.15064263,7879.913677757781,0.473649086,-0.2548696,-0.3245142996311188,-0.3213284
"V11L,Q100L,M152T,F164L",1762.4216,-3.2361655,3511.244746247193,0.118488649,-3.2434905,-3.2841246128082275,-2.856598
"V11L,Q100L,Q203L",6775.9272,-0.58987224,7141.668788965217,0.419625566,-0.91620815,-0.6633341908454895,-0.8251681
"V11L,Q100R,D179G",7398.125,0.52258897,9590.749384476032,0.6040940539999999,0.30285156,0.5185765027999878,0.2986014
"V11L,Q100R,H228Y",9389.79,0.047406342,8646.201202407266,0.530659802,-0.004197061,0.1773292422294616,-0.0042677894
"V11L,Q100R,N145S",4249.4277,-1.7109661,5273.13056871783,0.331788296,-1.3461673,-1.4995152950286863,-1.5825732
"V11L,Q100R,N163D",7191.198,-0.11941862,8905.727514126735,0.553447068,0.15313515,0.1485002487897873,0.078913406
"V11L,Q100R,N163S",8643.022,0.087771356,9138.92573407868,0.5484356619999999,0.18727297,0.1394390910863876,0.07926309
"V11L,Q100R,V175A",6622.318,-0.82416064,7546.860493920029,0.446215904,-0.37553096,-0.5439037084579468,-0.8069688
"V11L,Q176L,F219L",11465.79,1.0700916,10854.514778725576,0.6889356999999999,1.0733258,1.0128408670425415,1.2349482
"V11L,Q176L,Q203L",8606.319,0.15883851,7586.748923740735,0.532340056,0.13134372,-0.5004889965057373,-0.62777114
"V11L,Q203L,D215E",7518.354,-0.39282894,7827.510451586782,0.46797893,-0.008269191,-0.3642511367797851,-0.37705147
"V11L,Q203L,H230N",8150.551,-0.22911465,8070.806955563017,0.489591152,-0.04965222,-0.1435840725898742,-0.25681764
"V11L,Q203R,F219L",11066.172,1.122078,10552.635311192917,0.687555668,0.8027686,1.3189958333969116,1.1417615
"V11L,Q203R,F223L",7385.9067,-0.1841056,8905.041469017724,0.495790156,0.09989792,0.0002945363521575,-0.18218514
"V11L,Q203R,H230N",10634.868,0.7788205,10768.417859136807,0.632502306,0.7445936,0.9938298463821412,0.7661725
"V11L,T62S,D116G",11160.447,0.8199939,10480.127359298578,0.632838388,0.8600427,0.8574051856994629,0.78239393
"V11L,T62S,D189G,H228Y",8512.741,1.0760927,10129.823386017306,0.6755218700000001,0.87823886,0.9960547685623168,0.6639075
"V11L,T62S,E89V",10085.252,0.6701387,10532.43255871532,0.6630806679999999,0.8430326,0.944205403327942,0.849154
"V11L,T62S,H230N",11165.55,0.95376873,11083.477553365365,0.6640009699999999,0.8511158,0.9500489234924316,0.8929015
"V11L,T62S,N80D",10188.26,0.7550413,10398.927227957587,0.641436748,0.65798724,0.7925350666046143,0.7704867
"V11L,V13I,A86T",8558.324,0.055743873,8727.131280347661,0.5258639359999999,-0.045060217,0.1020172536373138,0.15447056
"V11L,V13I,D132G",8371.884,0.026906382,8166.839444715963,0.51713864,-0.170865,0.1062699556350708,0.17409182
"V11L,V13I,F129L",8212.137,-0.009194493,8019.830022220714,0.521939296,-0.5555078,0.067113846540451,0.20835567
"V11L,V13I,F144L",534.5262,-3.387325,974.4983054817748,0.0849355088,-3.1279414,-3.4861369132995605,-3.193201
"V11L,V13I,F98I",9965.954,0.23718841,9376.709779235263,0.53593807,0.17053208,0.1329825222492218,0.26961142
"V11L,V13I,K25R",8759.838,0.22663336,8599.509936205897,0.52800687,-0.050691962,0.0926003754138946,0.23676647
"V11L,V13I,Q100L",7352.4795,-0.1824193,7702.327869498421,0.4699131119999999,-0.55478245,-0.378966361284256,-0.2553061
"V11L,V13I,T62S",8957.747,0.80589545,9936.987486645492,0.6247028880000001,0.33182573,0.6990522146224976,0.76287687
"V11L,V175A,F219L",6525.6265,-0.32003677,7805.22020551565,0.4839154719999999,-0.45431334,-0.3370627760887146,-0.35420755
"V11L,V175A,H230N",6925.1094,-0.67530304,7137.896855945392,0.437094958,-0.3509905,-0.5631003379821777,-0.6937361
"V11L,V175A,I196T",7122.4155,-0.674577,6913.291331435323,0.438944986,-0.17891562,-0.8002815246582031,-0.73444074
"V11L,V175A,Q176L",7459.9253,-0.72060883,6504.997175673583,0.478254284,-0.5394902,-0.4880595803260803,-0.23084271
"V11L,V175A,Q203L",5452.6963,-1.2774041,6120.550178217723,0.357340506,-1.0628121,-1.440096139907837,-1.4465451
"V11L,Y181C,F222L",8702.482,-0.17685854,8507.860523393807,0.528355944,0.013096213,0.0944189131259918,-0.13233338
"V11L,Y181C,H230N",9918.86,0.3189776,9543.932972443725,0.5932113219999999,0.6951245,0.4805409014225006,0.49486762
"V11L,Y181C,Q203R",9886.179,0.7109525,10061.59093605298,0.640908576,0.8306583,0.952093780040741,0.7962814
"V13I,C47S,N158S",7508.0073,0.14682546,8711.190008206693,0.5489422340000001,-0.32234132,0.1107578128576278,-0.004440533
"V13I,K51E,H230N",9094.476,0.42061096,9098.64313576461,0.5808617,0.48700804,0.2542173862457275,0.3818258
