mut_name,label
S132N,-1.0728485709625046
S132G,-1.041401886672157
S292H,-0.2886468814719602
S292V,0.497520225786731
S292F,-0.4085373653289106
S292L,-0.6817304351013058
S292Q,-0.5677362045487956
S292W,-0.8763067941478319
"V1I,S62P,K111I,S207P",-1.0787448242669448
"K65E,K145Q",-0.9588543404099945
"K61N,F128L,N335D",-0.9961972780047823
"V1I,V3A,H125Y,A242T",1.2915490041180093
"D95N,G261S",-1.1180531796298794
"E46K,G148D",-1.0689177354262112
A285V,-1.1101915085572924
"D37A,I222T,S240C",-1.1003644197165587
"K122I,P151S",-1.1298456862387598
"K54R,K66R",1.0871455562307495
I228T,-1.2693903477771775
"E4G,M136I,E230G,K233R,L342H",-1.0787448242669448
T131S,-1.098399001948412
S292I,-0.9785085180914618
T131G,0.8395029174442616
T131M,-1.0296093800632766
R7I,0.4464193638149161
S292P,-1.0885719131076785
S292T,2.0207189961004453
K145R,0.5957911141940674
S207Q,-0.5048428359681003
A307S,-1.1534306994565204
S207N,1.6453242023844203
A307K,3.374891838353541
D60L,1.6748054689066212
D60R,2.470799665006046
D60A,0.1889496361876947
S207L,0.497520225786731
S207I,0.208603813869162
S207W,-1.1180531796298794
"T131S,S132C",0.6940620026014038
T17A,-1.0787448242669448
"H125Q,I274T",-1.1219840151661729
"I113M,V382G",-1.019782291222543
"A183G,S352G",-1.0512289755128905
K280E,0.8512954240531421
A307R,1.0891109739988962
S207C,1.264033155363955
"D60L,S207N",0.26953176468171053
K268R,0.9220504637064243
K319L,0.9122233748656906
A24T,0.5800677720488936
T201N,0.6901311670651104
H256E,0.6370648873251487
K287A,0.6547536472384693
"A24T,T201N",1.401612399134226
"H256E,K280E",0.9220504637064243
Y70H,0.6350994695570019
K353N,1.2266902177691672
M19L,0.24791216923209655
Q311K,0.7785749666317131
T359S,1.2895835863498626
K319R,0.9633242368375056
S240L,1.236517306609901
K120M,1.1362810004344177
M336N,1.2777910797409822
N81S,0.8866729438797831
"T131E,T360S",0.9476008946923318
"R11C,Q311K",0.8159179042265009
"Q311H,E347V",0.497520225786731
"R57M,K66R,L76P,L149I",0.47786604810526373
V1I,1.676770886674768
A301T,0.5957911141940674
S275A,1.676770886674768
"S275A,S281T",1.8733126634894408
"T131E,S275A,S281T",-0.8998918073655926
"T17A,R67G",-0.760347145827175
"Q32L,V127A",-0.7996555011901095
"I300N,L318S",-1.1534306994565204
L357P,-1.192739054819455
L267S,-0.8782722119159786
P227H,-0.7996555011901095
D254V,-1.1534306994565204
K66R,0.3992493373793946
L71H,0.6350994695570019
"L76P,L246S",-1.0944681664121185
"R67G,L376P,T377S",-1.2320474101823895
"Q94R,V110A",-1.055159811049184
L146P,-0.3279552368348948
"A177V,G367C",-0.5244970136495676
"S249P,E362G",-0.8389638565530441
"T17A,A220V",-0.0921051046572874
E74G,-0.26899270379049295
"L71H,I291M",0.35994098201646
"I21T,E53K",-0.897926389597446
"G22R,N79D,P227S,R349G,K351E",-0.9175805672789132
R350G,-0.4655344806051657
"L172P,G304V",-1.2123932325009223
"D175R,F214L",-0.26899270379049295
"C83R,R258G",-1.330318298589726
"L71R,M158V,F343L",-0.976543100323315
Q160K,-0.9175805672789132
"K66E,N389D",0.006165783750049003
"I21T,P26L,Q32P,N295S,S337T,K351E",-0.44588030292369846
L172P,-0.13141346002022197
"V110A,L126P,D175G,H204R",-0.7996555011901095
"P15A,I308A",-0.9175805672789132
"W116R,D175E",-0.34760941451636207
"Q94H,L156S,K353Y",-1.2320474101823895
"Y39H,D91G,N179S,E321G",0.006165783750049003
"L104S,Q118R,H125L,A177V,M336T",0.12409084983885268
K66E,0.8512954240531421
"E107K,R155G,V278A,G375C",-0.44588030292369846
"E5V,D37N,F40L,T130S,C340S",-0.5834595466939694
"F164Y,I221V",-0.3279552368348948
W299R,-0.622767902056904
K322R,-0.5244970136495676
"K287N,W299C,F343S",-0.3279552368348948
"N179D,G217D,R258G",-0.6817304351013058
"I64V,L170S",-1.0355056333677168
"G14D,V30E,G272C,F343S",-0.2296843484275584
"V3D,L126H",-0.3083010591534275
"R11S,I21M,E73G,F264S,T359I",-0.2886468814719602
L176P,-0.2296843484275584
V381D,-0.13141346002022197
K353T,-0.11175928233875468
"L90F,T283I,M348T",0.006165783750049003
A108E,-0.13141346002022197
"K174E,F370S",-0.6817304351013058
"K122E,N389I",-1.271355765545324
"V1I,W116R,L143P,A183T",-0.6817304351013058
"A16V,D31E",-0.34760941451636207
E115G,-0.17072181538315653
"K61N,V153E,G367C",-0.48518865828663305
"A84T,R155G,S338N",-0.3869177698792966
"D226G,W299R,M336I",0.16339920520178725
"V1I,K66R,E115G,G167D,D175G,I228N",-0.8782722119159786
"F298S,K358E",-0.19037599306462383
"V1I,S275A",2.684964687808441
"K66E,T131E,S275A",1.6629474483721425
"K66R,K145R",1.3818927075271603
"S292H,A307K",3.1920424719902973
"D60L,S292H",0.5780368403551485
T131E,0.5230051428470401
N389D,0.25177749084279166
"T131E,S275A",0.5878639291958822
K54R,1.1853509307124876
T360S,-0.021415578929603333
"K66E,S275A",0.9160886964763857
S281T,-0.05286226321995098
"T131E,S281T",0.6881002353713652
