mutation_name,label,pred
"D146G,F153L,F167L,E209G",606.87256,-0.5429751
"D146G,R194H,E209V",602.40576,-0.46790165
"E17G,F157L,I218V",13884.904,-0.012282945
"E17G,F191L,S201G,E209V",633.48413,-0.36838856
"E29G,V116E,K130R",15999.864,-0.0068180673
"E70V,K130R,F191L",14795.427,-0.058968708
"E70V,N78S,L184M",17653.23,0.11361498
"F100S,M144I,V148A",590.0,-0.353625
"F153L,H200L,I218V",8712.759,-0.20402749
"F157L,E204G,E209G",629.41486,-0.35586378
"F167L,F191L,N202Y",11374.277,-0.2824011
"F18L,E29G,E209V",693.1011,-0.367429
"F18L,E70V,T118A",14777.443,-0.106523976
"F18L,G23W,H97R",10890.399,-0.19715624
"F18L,H97R,F100S",624.9663,-0.3325932
"G23V,E29G,H172L",13613.104,0.02090339
"G23V,E29G,I87T,T118A,Q185L",10710.384,-0.20713419
"G23V,E29G,M144I",15584.359,-8.8024884e-05
"G23V,E29G,V196A",7922.6895,-0.19109204
"G23V,F153L,H172L",6486.382,-0.14392054
"G23V,N78S,V116E",15267.338,-0.0676954
"G23W,E29G,T40A",12389.14,-0.1923946
"G23W,E70V,V148A",13725.248,-0.14776202
"G23W,K36R,K215E",16104.795,0.06941666
"G23W,T118A,Q185L",11848.538,-0.14791538
"G23W,T40A,G206W",11369.937,-0.12305294
"H172L,S201G,E204G",18182.611,0.06827963
"H97L,F157L,Q185L",12201.809,-0.18684332
"H97L,L184M,V196A",12873.968,-0.07563935
"H97R,F157L,N202Y",13500.54,-0.11632156
"H97R,M144V,F191L",10844.658,-0.008868327
"I5T,F167L,G206W",929.7529,-0.30447602
"I5T,H97L,V148A",9743.89,-0.28625256
"I5T,K89R,R194H,E204G",644.2097,-0.3825233
"I5T,N78S,H200L",1496.9032,-0.3141304
"I5T,Y82F,G206W",10987.726,-0.26273194
"I87T,E209G,F220L",630.96893,-0.2794763
"I87T,F157L,E209V",642.8064,-0.39750734
"I87T,N186D,K215E",15821.049,0.19116181
"K130M,F153L,H172L",12958.972,-0.14027274
"K130M,M144I,I218V",13608.725,0.027107395
"K130M,S201G,K215E",16942.57,0.15664846
"K130R,L184M,Q185L",13870.656,0.015124621
"K36R,I87T,I218V",13921.116,0.041420765
"K36R,Q185L,V196A",12931.603,-0.120687306
"K36R,V116E,G206W",20307.697,0.058345906
"K38R,H200L,F220L",16814.934,-0.054251887
"K38R,R194H,E204G",2102.8381,-0.18641117
"K38R,T40A,E209G",628.8507,-0.2977261
"K38R,V148A,L184M",16871.562,0.030847225
"M144I,V148A,Q185L",13854.785,-0.11293344
"M144V,R194H,I218V",2400.6687,-0.05835274
"M144V,V148A,S201G",14851.197,-0.03349763
"M3T,E204G,E209G,F220L",622.165,-0.20927003
"M3T,F100S,D146G",601.7938,-0.28579205
"M3T,I87T,K215E",19027.066,0.17370224
"M3T,K130M,E209V",681.7588,-0.28004944
"N186D,I218V,F220L",19446.578,0.119031176
"N78S,H97L,K130M",13627.676,-0.11602784
"N78S,K130R,F157L",15936.569,-0.15201709
"N78S,N186D,E204G",17041.43,0.12465893
"R108C,F191L,R194H",1445.2039,-0.42389053
"R108C,R194H,H200L",590.0,-0.3996162
"R108C,V116E,L184M",13417.759,0.033009365
"R108C,V148A,V196A",12950.1455,-0.15331133
"R194H,E204G,G206W",1979.7145,-0.19528545
"R86H,F100S,F191L",607.9058,-0.66974384
"R86H,F100S,F220L",949.4506,-0.52425534
"R86H,K130M,H200L",625.51654,-0.42057362
"R8C,F18L,R194H",1853.0952,-0.326616
"R8C,G23W,V196A",7366.5166,-0.20120558
"R8C,K89R,V148A",14730.396,-0.038834028
"R8C,R108C,L184M",13541.253,0.025025394
"R8H,E17G,R194H",1881.5627,-0.18108878
"R8H,F100S,E204G",602.0608,-0.31636888
"R8H,H172L,S201G",21271.422,0.09446259
"R8H,V116E,N202Y",15527.686,0.020314725
"R8H,V16A,N202Y",13569.31,-0.0063796155
"T40A,K89R,G206W",21043.744,0.0015472379
"T40A,V148A,F167L",13480.309,-0.19958982
"V16A,F191L,F220L",14327.797,-0.017266206
"V16A,K130R,M144V",16548.744,0.040538047
"V16A,K38R,R108C",16852.53,-0.066586226
"V16A,K89R,N186D",20338.332,0.11910362
"Y82F,L184M,R194H",1384.6981,-0.21561477
"Y82F,M144I,H200L",13736.081,-0.15410814
"Y82F,R86H,M144I",621.88165,-0.32851547
